symbol,date,time,price
AAPL,2024-01-15,09:30,184.66
AAPL,2024-01-15,10:00,183.64
AAPL,2024-01-15,10:30,183.01
AAPL,2024-01-15,11:00,182.72
AAPL,2024-01-15,11:30,183.40
AAPL,2024-01-15,12:00,183.25
AAPL,2024-01-15,12:30,182.26
AAPL,2024-01-15,13:00,181.90
AAPL,2024-01-15,13:30,180.11
AAPL,2024-01-15,14:00,180.41
AAPL,2024-01-15,14:30,180.95
AAPL,2024-01-15,15:00,181.77
AAPL,2024-01-15,15:30,181.98
AAPL,2024-01-15,16:00,182.59
AAPL,2024-01-16,09:30,183.01
AAPL,2024-01-16,10:00,182.22
AAPL,2024-01-16,10:30,183.55
AAPL,2024-01-16,11:00,183.06
AAPL,2024-01-16,11:30,182.50
AAPL,2024-01-16,12:00,182.18
AAPL,2024-01-16,12:30,182.45
AAPL,2024-01-16,13:00,182.63
AAPL,2024-01-16,13:30,182.39
AAPL,2024-01-16,14:00,181.73
AAPL,2024-01-16,14:30,181.56
AAPL,2024-01-16,15:00,181.74
AAPL,2024-01-16,15:30,181.57
AAPL,2024-01-16,16:00,181.69
AAPL,2024-01-17,09:30,181.10
AAPL,2024-01-17,10:00,181.53
AAPL,2024-01-17,10:30,181.30
AAPL,2024-01-17,11:00,181.26
AAPL,2024-01-17,11:30,181.46
AAPL,2024-01-17,12:00,181.73
AAPL,2024-01-17,12:30,182.85
AAPL,2024-01-17,13:00,183.36
AAPL,2024-01-17,13:30,182.73
AAPL,2024-01-17,14:00,182.07
AAPL,2024-01-17,14:30,181.96
AAPL,2024-01-17,15:00,181.15
AAPL,2024-01-17,15:30,181.04
AAPL,2024-01-17,16:00,181.09
AAPL,2024-01-18,09:30,181.59
AAPL,2024-01-18,10:00,181.41
AAPL,2024-01-18,10:30,181.72
AAPL,2024-01-18,11:00,180.55
AAPL,2024-01-18,11:30,180.78
AAPL,2024-01-18,12:00,180.84
AAPL,2024-01-18,12:30,180.70
AAPL,2024-01-18,13:00,179.90
AAPL,2024-01-18,13:30,179.32
AAPL,2024-01-18,14:00,179.53
AAPL,2024-01-18,14:30,179.92
AAPL,2024-01-18,15:00,180.14
AAPL,2024-01-18,15:30,180.64
AAPL,2024-01-18,16:00,180.44
AAPL,2024-01-19,09:30,180.62
AAPL,2024-01-19,10:00,180.68
AAPL,2024-01-19,10:30,180.14
AAPL,2024-01-19,11:00,181.09
AAPL,2024-01-19,11:30,180.97
AAPL,2024-01-19,12:00,180.84
AAPL,2024-01-19,12:30,181.62
AAPL,2024-01-19,13:00,182.57
AAPL,2024-01-19,13:30,183.15
AAPL,2024-01-19,14:00,183.65
AAPL,2024-01-19,14:30,183.49
AAPL,2024-01-19,15:00,182.80
AAPL,2024-01-19,15:30,182.52
AAPL,2024-01-19,16:00,182.14
AAPL,2024-01-22,09:30,181.46
AAPL,2024-01-22,10:00,180.95
AAPL,2024-01-22,10:30,180.53
AAPL,2024-01-22,11:00,180.17
AAPL,2024-01-22,11:30,180.26
AAPL,2024-01-22,12:00,179.91
AAPL,2024-01-22,12:30,180.49
AAPL,2024-01-22,13:00,181.29
AAPL,2024-01-22,13:30,181.44
AAPL,2024-01-22,14:00,180.96
AAPL,2024-01-22,14:30,181.34
AAPL,2024-01-22,15:00,181.01
AAPL,2024-01-22,15:30,181.72
AAPL,2024-01-22,16:00,182.05
AAPL,2024-01-23,09:30,181.09
AAPL,2024-01-23,10:00,181.18
AAPL,2024-01-23,10:30,180.46
AAPL,2024-01-23,11:00,180.37
AAPL,2024-01-23,11:30,180.53
AAPL,2024-01-23,12:00,180.93
AAPL,2024-01-23,12:30,181.53
AAPL,2024-01-23,13:00,181.25
AAPL,2024-01-23,13:30,181.65
AAPL,2024-01-23,14:00,181.42
AAPL,2024-01-23,14:30,181.61
AAPL,2024-01-23,15:00,181.29
AAPL,2024-01-23,15:30,181.79
AAPL,2024-01-23,16:00,181.51
AAPL,2024-01-24,09:30,181.78
AAPL,2024-01-24,10:00,181.07
AAPL,2024-01-24,10:30,182.38
AAPL,2024-01-24,11:00,182.31
AAPL,2024-01-24,11:30,182.42
AAPL,2024-01-24,12:00,182.25
AAPL,2024-01-24,12:30,182.09
AAPL,2024-01-24,13:00,183.13
AAPL,2024-01-24,13:30,182.32
AAPL,2024-01-24,14:00,182.20
AAPL,2024-01-24,14:30,182.28
AAPL,2024-01-24,15:00,181.79
AAPL,2024-01-24,15:30,181.20
AAPL,2024-01-24,16:00,180.55
AAPL,2024-01-25,09:30,180.87
AAPL,2024-01-25,10:00,180.80
AAPL,2024-01-25,10:30,180.22
AAPL,2024-01-25,11:00,179.75
AAPL,2024-01-25,11:30,180.83
AAPL,2024-01-25,12:00,181.82
AAPL,2024-01-25,12:30,182.69
AAPL,2024-01-25,13:00,181.98
AAPL,2024-01-25,13:30,182.49
AAPL,2024-01-25,14:00,181.59
AAPL,2024-01-25,14:30,181.32
AAPL,2024-01-25,15:00,181.80
AAPL,2024-01-25,15:30,181.80
AAPL,2024-01-25,16:00,181.94
AAPL,2024-01-26,09:30,182.40
AAPL,2024-01-26,10:00,183.42
AAPL,2024-01-26,10:30,183.31
AAPL,2024-01-26,11:00,183.07
AAPL,2024-01-26,11:30,183.65
AAPL,2024-01-26,12:00,182.44
AAPL,2024-01-26,12:30,182.27
AAPL,2024-01-26,13:00,181.95
AAPL,2024-01-26,13:30,182.86
AAPL,2024-01-26,14:00,182.84
AAPL,2024-01-26,14:30,183.25
AAPL,2024-01-26,15:00,183.17
AAPL,2024-01-26,15:30,183.38
AAPL,2024-01-26,16:00,182.54
AAPL,2024-01-29,09:30,181.91
AAPL,2024-01-29,10:00,182.50
AAPL,2024-01-29,10:30,182.51
AAPL,2024-01-29,11:00,181.94
AAPL,2024-01-29,11:30,182.26
AAPL,2024-01-29,12:00,182.81
AAPL,2024-01-29,12:30,183.41
AAPL,2024-01-29,13:00,183.02
AAPL,2024-01-29,13:30,183.34
AAPL,2024-01-29,14:00,183.71
AAPL,2024-01-29,14:30,183.98
AAPL,2024-01-29,15:00,184.83
AAPL,2024-01-29,15:30,184.73
AAPL,2024-01-29,16:00,184.80
AAPL,2024-01-30,09:30,185.19
AAPL,2024-01-30,10:00,184.95
AAPL,2024-01-30,10:30,185.56
AAPL,2024-01-30,11:00,186.07
AAPL,2024-01-30,11:30,185.64
AAPL,2024-01-30,12:00,185.11
AAPL,2024-01-30,12:30,184.66
AAPL,2024-01-30,13:00,185.35
AAPL,2024-01-30,13:30,186.21
AAPL,2024-01-30,14:00,186.58
AAPL,2024-01-30,14:30,186.45
AAPL,2024-01-30,15:00,187.66
AAPL,2024-01-30,15:30,187.38
AAPL,2024-01-30,16:00,187.95
MSFT,2024-01-15,09:30,370.07
MSFT,2024-01-15,10:00,368.40
MSFT,2024-01-15,10:30,366.55
MSFT,2024-01-15,11:00,366.44
MSFT,2024-01-15,11:30,365.55
MSFT,2024-01-15,12:00,364.45
MSFT,2024-01-15,12:30,364.91
MSFT,2024-01-15,13:00,365.74
MSFT,2024-01-15,13:30,367.86
MSFT,2024-01-15,14:00,366.31
MSFT,2024-01-15,14:30,366.54
MSFT,2024-01-15,15:00,366.41
MSFT,2024-01-15,15:30,366.05
MSFT,2024-01-15,16:00,367.05
MSFT,2024-01-16,09:30,367.86
MSFT,2024-01-16,10:00,367.09
MSFT,2024-01-16,10:30,368.99
MSFT,2024-01-16,11:00,368.27
MSFT,2024-01-16,11:30,368.42
MSFT,2024-01-16,12:00,369.68
MSFT,2024-01-16,12:30,370.94
MSFT,2024-01-16,13:00,370.39
MSFT,2024-01-16,13:30,370.64
MSFT,2024-01-16,14:00,371.88
MSFT,2024-01-16,14:30,371.06
MSFT,2024-01-16,15:00,371.40
MSFT,2024-01-16,15:30,370.95
MSFT,2024-01-16,16:00,371.76
MSFT,2024-01-17,09:30,373.08
MSFT,2024-01-17,10:00,372.69
MSFT,2024-01-17,10:30,372.68
MSFT,2024-01-17,11:00,372.10
MSFT,2024-01-17,11:30,370.81
MSFT,2024-01-17,12:00,371.30
MSFT,2024-01-17,12:30,371.84
MSFT,2024-01-17,13:00,374.06
MSFT,2024-01-17,13:30,372.12
MSFT,2024-01-17,14:00,371.17
MSFT,2024-01-17,14:30,370.56
MSFT,2024-01-17,15:00,372.67
MSFT,2024-01-17,15:30,372.28
MSFT,2024-01-17,16:00,370.31
MSFT,2024-01-18,09:30,369.92
MSFT,2024-01-18,10:00,371.19
MSFT,2024-01-18,10:30,370.80
MSFT,2024-01-18,11:00,370.78
MSFT,2024-01-18,11:30,372.04
MSFT,2024-01-18,12:00,372.97
MSFT,2024-01-18,12:30,373.01
MSFT,2024-01-18,13:00,373.39
MSFT,2024-01-18,13:30,371.07
MSFT,2024-01-18,14:00,369.86
MSFT,2024-01-18,14:30,368.59
MSFT,2024-01-18,15:00,367.35
MSFT,2024-01-18,15:30,366.54
MSFT,2024-01-18,16:00,365.20
MSFT,2024-01-19,09:30,365.64
MSFT,2024-01-19,10:00,364.34
MSFT,2024-01-19,10:30,363.86
MSFT,2024-01-19,11:00,361.39
MSFT,2024-01-19,11:30,360.19
MSFT,2024-01-19,12:00,360.22
MSFT,2024-01-19,12:30,359.73
MSFT,2024-01-19,13:00,360.77
MSFT,2024-01-19,13:30,360.12
MSFT,2024-01-19,14:00,362.95
MSFT,2024-01-19,14:30,360.40
MSFT,2024-01-19,15:00,359.86
MSFT,2024-01-19,15:30,358.96
MSFT,2024-01-19,16:00,358.65
MSFT,2024-01-22,09:30,359.11
MSFT,2024-01-22,10:00,359.23
MSFT,2024-01-22,10:30,360.98
MSFT,2024-01-22,11:00,361.10
MSFT,2024-01-22,11:30,362.01
MSFT,2024-01-22,12:00,362.17
MSFT,2024-01-22,12:30,363.04
MSFT,2024-01-22,13:00,364.26
MSFT,2024-01-22,13:30,364.25
MSFT,2024-01-22,14:00,362.77
MSFT,2024-01-22,14:30,363.60
MSFT,2024-01-22,15:00,363.74
MSFT,2024-01-22,15:30,362.99
MSFT,2024-01-22,16:00,364.02
MSFT,2024-01-23,09:30,365.23
MSFT,2024-01-23,10:00,365.90
MSFT,2024-01-23,10:30,364.38
MSFT,2024-01-23,11:00,363.89
MSFT,2024-01-23,11:30,364.72
MSFT,2024-01-23,12:00,364.30
MSFT,2024-01-23,12:30,362.97
MSFT,2024-01-23,13:00,363.02
MSFT,2024-01-23,13:30,364.01
MSFT,2024-01-23,14:00,364.30
MSFT,2024-01-23,14:30,363.14
MSFT,2024-01-23,15:00,362.63
MSFT,2024-01-23,15:30,363.17
MSFT,2024-01-23,16:00,363.27
MSFT,2024-01-24,09:30,361.80
MSFT,2024-01-24,10:00,362.63
MSFT,2024-01-24,10:30,363.41
MSFT,2024-01-24,11:00,365.54
MSFT,2024-01-24,11:30,366.02
MSFT,2024-01-24,12:00,363.20
MSFT,2024-01-24,12:30,363.12
MSFT,2024-01-24,13:00,364.16
MSFT,2024-01-24,13:30,364.84
MSFT,2024-01-24,14:00,365.35
MSFT,2024-01-24,14:30,364.86
MSFT,2024-01-24,15:00,362.98
MSFT,2024-01-24,15:30,363.64
MSFT,2024-01-24,16:00,362.66
MSFT,2024-01-25,09:30,362.68
MSFT,2024-01-25,10:00,362.10
MSFT,2024-01-25,10:30,361.93
MSFT,2024-01-25,11:00,362.34
MSFT,2024-01-25,11:30,361.18
MSFT,2024-01-25,12:00,360.38
MSFT,2024-01-25,12:30,360.55
MSFT,2024-01-25,13:00,360.04
MSFT,2024-01-25,13:30,359.57
MSFT,2024-01-25,14:00,359.62
MSFT,2024-01-25,14:30,358.72
MSFT,2024-01-25,15:00,358.52
MSFT,2024-01-25,15:30,358.76
MSFT,2024-01-25,16:00,357.97
MSFT,2024-01-26,09:30,357.66
MSFT,2024-01-26,10:00,357.53
MSFT,2024-01-26,10:30,356.58
MSFT,2024-01-26,11:00,356.14
MSFT,2024-01-26,11:30,355.88
MSFT,2024-01-26,12:00,354.27
MSFT,2024-01-26,12:30,352.84
MSFT,2024-01-26,13:00,351.06
MSFT,2024-01-26,13:30,350.80
MSFT,2024-01-26,14:00,351.69
MSFT,2024-01-26,14:30,352.35
MSFT,2024-01-26,15:00,351.44
MSFT,2024-01-26,15:30,350.31
MSFT,2024-01-26,16:00,349.64
MSFT,2024-01-29,09:30,349.14
MSFT,2024-01-29,10:00,348.47
MSFT,2024-01-29,10:30,350.55
MSFT,2024-01-29,11:00,350.36
MSFT,2024-01-29,11:30,347.81
MSFT,2024-01-29,12:00,348.39
MSFT,2024-01-29,12:30,348.58
MSFT,2024-01-29,13:00,347.36
MSFT,2024-01-29,13:30,346.46
MSFT,2024-01-29,14:00,345.46
MSFT,2024-01-29,14:30,346.03
MSFT,2024-01-29,15:00,344.98
MSFT,2024-01-29,15:30,345.30
MSFT,2024-01-29,16:00,344.98
MSFT,2024-01-30,09:30,344.65
MSFT,2024-01-30,10:00,344.35
MSFT,2024-01-30,10:30,345.11
MSFT,2024-01-30,11:00,344.69
MSFT,2024-01-30,11:30,346.57
MSFT,2024-01-30,12:00,347.05
MSFT,2024-01-30,12:30,345.90
MSFT,2024-01-30,13:00,346.94
MSFT,2024-01-30,13:30,346.40
MSFT,2024-01-30,14:00,347.36
MSFT,2024-01-30,14:30,347.80
MSFT,2024-01-30,15:00,349.38
MSFT,2024-01-30,15:30,348.96
MSFT,2024-01-30,16:00,347.88
GOOGL,2024-01-15,09:30,139.48
GOOGL,2024-01-15,10:00,139.64
GOOGL,2024-01-15,10:30,139.04
GOOGL,2024-01-15,11:00,138.55
GOOGL,2024-01-15,11:30,138.25
GOOGL,2024-01-15,12:00,138.80
GOOGL,2024-01-15,12:30,138.15
GOOGL,2024-01-15,13:00,138.74
GOOGL,2024-01-15,13:30,139.48
GOOGL,2024-01-15,14:00,139.54
GOOGL,2024-01-15,14:30,139.09
GOOGL,2024-01-15,15:00,139.67
GOOGL,2024-01-15,15:30,139.36
GOOGL,2024-01-15,16:00,139.36
GOOGL,2024-01-16,09:30,139.74
GOOGL,2024-01-16,10:00,139.56
GOOGL,2024-01-16,10:30,140.38
GOOGL,2024-01-16,11:00,140.40
GOOGL,2024-01-16,11:30,140.80
GOOGL,2024-01-16,12:00,141.10
GOOGL,2024-01-16,12:30,141.52
GOOGL,2024-01-16,13:00,142.25
GOOGL,2024-01-16,13:30,141.78
GOOGL,2024-01-16,14:00,140.85
GOOGL,2024-01-16,14:30,140.09
GOOGL,2024-01-16,15:00,139.68
GOOGL,2024-01-16,15:30,140.85
GOOGL,2024-01-16,16:00,140.88
GOOGL,2024-01-17,09:30,141.12
GOOGL,2024-01-17,10:00,141.18
GOOGL,2024-01-17,10:30,141.18
GOOGL,2024-01-17,11:00,140.83
GOOGL,2024-01-17,11:30,140.89
GOOGL,2024-01-17,12:00,141.72
GOOGL,2024-01-17,12:30,141.89
GOOGL,2024-01-17,13:00,142.37
GOOGL,2024-01-17,13:30,143.60
GOOGL,2024-01-17,14:00,143.35
GOOGL,2024-01-17,14:30,142.72
GOOGL,2024-01-17,15:00,142.82
GOOGL,2024-01-17,15:30,143.54
GOOGL,2024-01-17,16:00,142.80
GOOGL,2024-01-18,09:30,143.51
GOOGL,2024-01-18,10:00,143.45
GOOGL,2024-01-18,10:30,144.20
GOOGL,2024-01-18,11:00,144.47
GOOGL,2024-01-18,11:30,144.39
GOOGL,2024-01-18,12:00,144.51
GOOGL,2024-01-18,12:30,144.70
GOOGL,2024-01-18,13:00,144.58
GOOGL,2024-01-18,13:30,143.93
GOOGL,2024-01-18,14:00,143.54
GOOGL,2024-01-18,14:30,143.21
GOOGL,2024-01-18,15:00,143.96
GOOGL,2024-01-18,15:30,143.69
GOOGL,2024-01-18,16:00,143.89
GOOGL,2024-01-19,09:30,144.60
GOOGL,2024-01-19,10:00,144.70
GOOGL,2024-01-19,10:30,144.36
GOOGL,2024-01-19,11:00,143.94
GOOGL,2024-01-19,11:30,143.59
GOOGL,2024-01-19,12:00,143.50
GOOGL,2024-01-19,12:30,142.81
GOOGL,2024-01-19,13:00,142.57
GOOGL,2024-01-19,13:30,142.71
GOOGL,2024-01-19,14:00,142.80
GOOGL,2024-01-19,14:30,141.99
GOOGL,2024-01-19,15:00,141.67
GOOGL,2024-01-19,15:30,142.43
GOOGL,2024-01-19,16:00,142.27
GOOGL,2024-01-22,09:30,141.49
GOOGL,2024-01-22,10:00,141.46
GOOGL,2024-01-22,10:30,141.61
GOOGL,2024-01-22,11:00,141.51
GOOGL,2024-01-22,11:30,142.10
GOOGL,2024-01-22,12:00,143.05
GOOGL,2024-01-22,12:30,142.73
GOOGL,2024-01-22,13:00,142.66
GOOGL,2024-01-22,13:30,142.58
GOOGL,2024-01-22,14:00,143.33
GOOGL,2024-01-22,14:30,143.53
GOOGL,2024-01-22,15:00,144.22
GOOGL,2024-01-22,15:30,144.46
GOOGL,2024-01-22,16:00,144.14
GOOGL,2024-01-23,09:30,143.65
GOOGL,2024-01-23,10:00,143.78
GOOGL,2024-01-23,10:30,143.77
GOOGL,2024-01-23,11:00,143.38
GOOGL,2024-01-23,11:30,142.89
GOOGL,2024-01-23,12:00,142.86
GOOGL,2024-01-23,12:30,142.38
GOOGL,2024-01-23,13:00,142.09
GOOGL,2024-01-23,13:30,142.32
GOOGL,2024-01-23,14:00,142.42
GOOGL,2024-01-23,14:30,142.88
GOOGL,2024-01-23,15:00,143.07
GOOGL,2024-01-23,15:30,142.63
GOOGL,2024-01-23,16:00,142.99
GOOGL,2024-01-24,09:30,143.56
GOOGL,2024-01-24,10:00,143.43
GOOGL,2024-01-24,10:30,143.49
GOOGL,2024-01-24,11:00,142.90
GOOGL,2024-01-24,11:30,142.79
GOOGL,2024-01-24,12:00,143.01
GOOGL,2024-01-24,12:30,142.98
GOOGL,2024-01-24,13:00,142.80
GOOGL,2024-01-24,13:30,143.46
GOOGL,2024-01-24,14:00,143.47
GOOGL,2024-01-24,14:30,143.26
GOOGL,2024-01-24,15:00,142.73
GOOGL,2024-01-24,15:30,142.67
GOOGL,2024-01-24,16:00,142.73
GOOGL,2024-01-25,09:30,143.01
GOOGL,2024-01-25,10:00,143.56
GOOGL,2024-01-25,10:30,143.80
GOOGL,2024-01-25,11:00,143.75
GOOGL,2024-01-25,11:30,143.76
GOOGL,2024-01-25,12:00,144.24
GOOGL,2024-01-25,12:30,143.70
GOOGL,2024-01-25,13:00,143.50
GOOGL,2024-01-25,13:30,142.91
GOOGL,2024-01-25,14:00,142.65
GOOGL,2024-01-25,14:30,142.76
GOOGL,2024-01-25,15:00,142.32
GOOGL,2024-01-25,15:30,142.98
GOOGL,2024-01-25,16:00,142.93
GOOGL,2024-01-26,09:30,143.08
GOOGL,2024-01-26,10:00,143.25
GOOGL,2024-01-26,10:30,143.84
GOOGL,2024-01-26,11:00,143.80
GOOGL,2024-01-26,11:30,143.81
GOOGL,2024-01-26,12:00,143.10
GOOGL,2024-01-26,12:30,142.65
GOOGL,2024-01-26,13:00,142.04
GOOGL,2024-01-26,13:30,141.52
GOOGL,2024-01-26,14:00,141.60
GOOGL,2024-01-26,14:30,141.74
GOOGL,2024-01-26,15:00,142.01
GOOGL,2024-01-26,15:30,142.30
GOOGL,2024-01-26,16:00,142.48
GOOGL,2024-01-29,09:30,143.30
GOOGL,2024-01-29,10:00,143.75
GOOGL,2024-01-29,10:30,143.46
GOOGL,2024-01-29,11:00,142.93
GOOGL,2024-01-29,11:30,142.47
GOOGL,2024-01-29,12:00,142.72
GOOGL,2024-01-29,12:30,143.53
GOOGL,2024-01-29,13:00,143.59
GOOGL,2024-01-29,13:30,144.02
GOOGL,2024-01-29,14:00,144.08
GOOGL,2024-01-29,14:30,143.80
GOOGL,2024-01-29,15:00,143.60
GOOGL,2024-01-29,15:30,143.55
GOOGL,2024-01-29,16:00,143.88
GOOGL,2024-01-30,09:30,143.97
GOOGL,2024-01-30,10:00,143.82
GOOGL,2024-01-30,10:30,144.54
GOOGL,2024-01-30,11:00,144.18
GOOGL,2024-01-30,11:30,144.86
GOOGL,2024-01-30,12:00,144.84
GOOGL,2024-01-30,12:30,144.84
GOOGL,2024-01-30,13:00,145.11
GOOGL,2024-01-30,13:30,144.44
GOOGL,2024-01-30,14:00,144.85
GOOGL,2024-01-30,14:30,144.85
GOOGL,2024-01-30,15:00,145.13
GOOGL,2024-01-30,15:30,145.31
GOOGL,2024-01-30,16:00,145.67
AMZN,2024-01-15,09:30,154.05
AMZN,2024-01-15,10:00,154.00
AMZN,2024-01-15,10:30,153.63
AMZN,2024-01-15,11:00,153.78
AMZN,2024-01-15,11:30,154.49
AMZN,2024-01-15,12:00,154.83
AMZN,2024-01-15,12:30,154.98
AMZN,2024-01-15,13:00,154.65
AMZN,2024-01-15,13:30,154.65
AMZN,2024-01-15,14:00,154.25
AMZN,2024-01-15,14:30,153.49
AMZN,2024-01-15,15:00,153.43
AMZN,2024-01-15,15:30,153.59
AMZN,2024-01-15,16:00,153.51
AMZN,2024-01-16,09:30,153.45
AMZN,2024-01-16,10:00,153.52
AMZN,2024-01-16,10:30,153.74
AMZN,2024-01-16,11:00,154.30
AMZN,2024-01-16,11:30,154.27
AMZN,2024-01-16,12:00,154.54
AMZN,2024-01-16,12:30,154.95
AMZN,2024-01-16,13:00,155.26
AMZN,2024-01-16,13:30,156.32
AMZN,2024-01-16,14:00,155.97
AMZN,2024-01-16,14:30,155.32
AMZN,2024-01-16,15:00,155.40
AMZN,2024-01-16,15:30,156.43
AMZN,2024-01-16,16:00,156.47
AMZN,2024-01-17,09:30,155.98
AMZN,2024-01-17,10:00,155.29
AMZN,2024-01-17,10:30,155.23
AMZN,2024-01-17,11:00,154.83
AMZN,2024-01-17,11:30,155.39
AMZN,2024-01-17,12:00,155.87
AMZN,2024-01-17,12:30,155.65
AMZN,2024-01-17,13:00,155.97
AMZN,2024-01-17,13:30,155.09
AMZN,2024-01-17,14:00,155.05
AMZN,2024-01-17,14:30,155.20
AMZN,2024-01-17,15:00,154.74
AMZN,2024-01-17,15:30,154.06
AMZN,2024-01-17,16:00,154.59
AMZN,2024-01-18,09:30,155.36
AMZN,2024-01-18,10:00,155.47
AMZN,2024-01-18,10:30,156.00
AMZN,2024-01-18,11:00,155.84
AMZN,2024-01-18,11:30,155.42
AMZN,2024-01-18,12:00,156.13
AMZN,2024-01-18,12:30,155.85
AMZN,2024-01-18,13:00,155.56
AMZN,2024-01-18,13:30,155.31
AMZN,2024-01-18,14:00,154.92
AMZN,2024-01-18,14:30,154.15
AMZN,2024-01-18,15:00,153.60
AMZN,2024-01-18,15:30,153.98
AMZN,2024-01-18,16:00,153.70
AMZN,2024-01-19,09:30,153.58
AMZN,2024-01-19,10:00,153.89
AMZN,2024-01-19,10:30,154.16
AMZN,2024-01-19,11:00,153.75
AMZN,2024-01-19,11:30,152.81
AMZN,2024-01-19,12:00,153.18
AMZN,2024-01-19,12:30,153.23
AMZN,2024-01-19,13:00,152.81
AMZN,2024-01-19,13:30,152.52
AMZN,2024-01-19,14:00,152.76
AMZN,2024-01-19,14:30,152.42
AMZN,2024-01-19,15:00,152.12
AMZN,2024-01-19,15:30,152.28
AMZN,2024-01-19,16:00,152.39
AMZN,2024-01-22,09:30,153.15
AMZN,2024-01-22,10:00,153.10
AMZN,2024-01-22,10:30,152.57
AMZN,2024-01-22,11:00,152.01
AMZN,2024-01-22,11:30,151.91
AMZN,2024-01-22,12:00,152.52
AMZN,2024-01-22,12:30,152.49
AMZN,2024-01-22,13:00,151.16
AMZN,2024-01-22,13:30,151.18
AMZN,2024-01-22,14:00,152.08
AMZN,2024-01-22,14:30,151.97
AMZN,2024-01-22,15:00,152.13
AMZN,2024-01-22,15:30,152.56
AMZN,2024-01-22,16:00,152.48
AMZN,2024-01-23,09:30,152.48
AMZN,2024-01-23,10:00,152.69
AMZN,2024-01-23,10:30,152.98
AMZN,2024-01-23,11:00,152.01
AMZN,2024-01-23,11:30,152.13
AMZN,2024-01-23,12:00,151.74
AMZN,2024-01-23,12:30,151.62
AMZN,2024-01-23,13:00,151.54
AMZN,2024-01-23,13:30,152.36
AMZN,2024-01-23,14:00,152.54
AMZN,2024-01-23,14:30,153.58
AMZN,2024-01-23,15:00,153.33
AMZN,2024-01-23,15:30,152.81
AMZN,2024-01-23,16:00,152.74
AMZN,2024-01-24,09:30,152.19
AMZN,2024-01-24,10:00,153.20
AMZN,2024-01-24,10:30,153.62
AMZN,2024-01-24,11:00,154.39
AMZN,2024-01-24,11:30,154.83
AMZN,2024-01-24,12:00,154.75
AMZN,2024-01-24,12:30,154.91
AMZN,2024-01-24,13:00,154.93
AMZN,2024-01-24,13:30,155.42
AMZN,2024-01-24,14:00,155.98
AMZN,2024-01-24,14:30,156.56
AMZN,2024-01-24,15:00,157.54
AMZN,2024-01-24,15:30,158.03
AMZN,2024-01-24,16:00,157.51
AMZN,2024-01-25,09:30,157.52
AMZN,2024-01-25,10:00,158.27
AMZN,2024-01-25,10:30,158.14
AMZN,2024-01-25,11:00,158.03
AMZN,2024-01-25,11:30,158.12
AMZN,2024-01-25,12:00,157.68
AMZN,2024-01-25,12:30,157.54
AMZN,2024-01-25,13:00,157.61
AMZN,2024-01-25,13:30,157.48
AMZN,2024-01-25,14:00,156.96
AMZN,2024-01-25,14:30,156.30
AMZN,2024-01-25,15:00,156.30
AMZN,2024-01-25,15:30,156.87
AMZN,2024-01-25,16:00,157.63
AMZN,2024-01-26,09:30,157.58
AMZN,2024-01-26,10:00,157.56
AMZN,2024-01-26,10:30,157.23
AMZN,2024-01-26,11:00,157.50
AMZN,2024-01-26,11:30,157.76
AMZN,2024-01-26,12:00,157.15
AMZN,2024-01-26,12:30,157.18
AMZN,2024-01-26,13:00,157.36
AMZN,2024-01-26,13:30,157.69
AMZN,2024-01-26,14:00,157.92
AMZN,2024-01-26,14:30,158.40
AMZN,2024-01-26,15:00,158.75
AMZN,2024-01-26,15:30,158.39
AMZN,2024-01-26,16:00,158.95
AMZN,2024-01-29,09:30,159.16
AMZN,2024-01-29,10:00,158.98
AMZN,2024-01-29,10:30,158.42
AMZN,2024-01-29,11:00,158.27
AMZN,2024-01-29,11:30,158.85
AMZN,2024-01-29,12:00,158.90
AMZN,2024-01-29,12:30,159.42
AMZN,2024-01-29,13:00,160.23
AMZN,2024-01-29,13:30,159.62
AMZN,2024-01-29,14:00,160.03
AMZN,2024-01-29,14:30,160.00
AMZN,2024-01-29,15:00,159.51
AMZN,2024-01-29,15:30,159.17
AMZN,2024-01-29,16:00,160.04
AMZN,2024-01-30,09:30,160.14
AMZN,2024-01-30,10:00,159.47
AMZN,2024-01-30,10:30,159.62
AMZN,2024-01-30,11:00,159.77
AMZN,2024-01-30,11:30,159.11
AMZN,2024-01-30,12:00,158.87
AMZN,2024-01-30,12:30,159.67
AMZN,2024-01-30,13:00,159.97
AMZN,2024-01-30,13:30,160.11
AMZN,2024-01-30,14:00,159.79
AMZN,2024-01-30,14:30,159.70
AMZN,2024-01-30,15:00,159.75
AMZN,2024-01-30,15:30,160.21
AMZN,2024-01-30,16:00,160.50
TSLA,2024-01-15,09:30,219.75
TSLA,2024-01-15,10:00,219.89
TSLA,2024-01-15,10:30,219.58
TSLA,2024-01-15,11:00,219.96
TSLA,2024-01-15,11:30,219.64
TSLA,2024-01-15,12:00,219.98
TSLA,2024-01-15,12:30,220.52
TSLA,2024-01-15,13:00,221.77
TSLA,2024-01-15,13:30,221.75
TSLA,2024-01-15,14:00,221.74
TSLA,2024-01-15,14:30,221.25
TSLA,2024-01-15,15:00,221.94
TSLA,2024-01-15,15:30,221.61
TSLA,2024-01-15,16:00,221.06
TSLA,2024-01-16,09:30,220.76
TSLA,2024-01-16,10:00,220.63
TSLA,2024-01-16,10:30,219.85
TSLA,2024-01-16,11:00,219.56
TSLA,2024-01-16,11:30,220.58
TSLA,2024-01-16,12:00,220.67
TSLA,2024-01-16,12:30,220.02
TSLA,2024-01-16,13:00,220.10
TSLA,2024-01-16,13:30,219.84
TSLA,2024-01-16,14:00,221.21
TSLA,2024-01-16,14:30,220.85
TSLA,2024-01-16,15:00,222.64
TSLA,2024-01-16,15:30,222.75
TSLA,2024-01-16,16:00,224.17
TSLA,2024-01-17,09:30,223.92
TSLA,2024-01-17,10:00,224.33
TSLA,2024-01-17,10:30,224.55
TSLA,2024-01-17,11:00,225.83
TSLA,2024-01-17,11:30,225.53
TSLA,2024-01-17,12:00,225.99
TSLA,2024-01-17,12:30,226.70
TSLA,2024-01-17,13:00,227.35
TSLA,2024-01-17,13:30,227.33
TSLA,2024-01-17,14:00,227.77
TSLA,2024-01-17,14:30,227.44
TSLA,2024-01-17,15:00,227.24
TSLA,2024-01-17,15:30,228.00
TSLA,2024-01-17,16:00,228.18
TSLA,2024-01-18,09:30,227.61
TSLA,2024-01-18,10:00,226.89
TSLA,2024-01-18,10:30,226.26
TSLA,2024-01-18,11:00,227.27
TSLA,2024-01-18,11:30,225.82
TSLA,2024-01-18,12:00,225.04
TSLA,2024-01-18,12:30,225.36
TSLA,2024-01-18,13:00,225.99
TSLA,2024-01-18,13:30,227.27
TSLA,2024-01-18,14:00,227.64
TSLA,2024-01-18,14:30,227.64
TSLA,2024-01-18,15:00,226.57
TSLA,2024-01-18,15:30,227.31
TSLA,2024-01-18,16:00,227.07
TSLA,2024-01-19,09:30,227.59
TSLA,2024-01-19,10:00,228.21
TSLA,2024-01-19,10:30,229.44
TSLA,2024-01-19,11:00,229.53
TSLA,2024-01-19,11:30,230.64
TSLA,2024-01-19,12:00,230.27
TSLA,2024-01-19,12:30,230.45
TSLA,2024-01-19,13:00,231.25
TSLA,2024-01-19,13:30,231.83
TSLA,2024-01-19,14:00,232.07
TSLA,2024-01-19,14:30,231.94
TSLA,2024-01-19,15:00,231.36
TSLA,2024-01-19,15:30,230.99
TSLA,2024-01-19,16:00,231.01
TSLA,2024-01-22,09:30,231.10
TSLA,2024-01-22,10:00,230.77
TSLA,2024-01-22,10:30,230.80
TSLA,2024-01-22,11:00,231.60
TSLA,2024-01-22,11:30,232.31
TSLA,2024-01-22,12:00,231.49
TSLA,2024-01-22,12:30,231.45
TSLA,2024-01-22,13:00,231.13
TSLA,2024-01-22,13:30,231.74
TSLA,2024-01-22,14:00,230.65
TSLA,2024-01-22,14:30,231.70
TSLA,2024-01-22,15:00,232.32
TSLA,2024-01-22,15:30,232.95
TSLA,2024-01-22,16:00,232.45
TSLA,2024-01-23,09:30,232.32
TSLA,2024-01-23,10:00,232.68
TSLA,2024-01-23,10:30,232.92
TSLA,2024-01-23,11:00,233.29
TSLA,2024-01-23,11:30,231.78
TSLA,2024-01-23,12:00,230.99
TSLA,2024-01-23,12:30,231.95
TSLA,2024-01-23,13:00,231.24
TSLA,2024-01-23,13:30,230.69
TSLA,2024-01-23,14:00,230.60
TSLA,2024-01-23,14:30,230.14
TSLA,2024-01-23,15:00,229.96
TSLA,2024-01-23,15:30,230.95
TSLA,2024-01-23,16:00,231.25
TSLA,2024-01-24,09:30,230.63
TSLA,2024-01-24,10:00,230.49
TSLA,2024-01-24,10:30,230.05
TSLA,2024-01-24,11:00,230.00
TSLA,2024-01-24,11:30,230.43
TSLA,2024-01-24,12:00,230.72
TSLA,2024-01-24,12:30,230.46
TSLA,2024-01-24,13:00,230.01
TSLA,2024-01-24,13:30,229.77
TSLA,2024-01-24,14:00,228.96
TSLA,2024-01-24,14:30,228.96
TSLA,2024-01-24,15:00,228.50
TSLA,2024-01-24,15:30,228.48
TSLA,2024-01-24,16:00,226.95
TSLA,2024-01-25,09:30,226.99
TSLA,2024-01-25,10:00,226.76
TSLA,2024-01-25,10:30,226.11
TSLA,2024-01-25,11:00,226.83
TSLA,2024-01-25,11:30,225.73
TSLA,2024-01-25,12:00,226.24
TSLA,2024-01-25,12:30,226.00
TSLA,2024-01-25,13:00,225.09
TSLA,2024-01-25,13:30,223.96
TSLA,2024-01-25,14:00,224.88
TSLA,2024-01-25,14:30,224.88
TSLA,2024-01-25,15:00,225.29
TSLA,2024-01-25,15:30,225.24
TSLA,2024-01-25,16:00,225.87
TSLA,2024-01-26,09:30,226.87
TSLA,2024-01-26,10:00,228.06
TSLA,2024-01-26,10:30,228.05
TSLA,2024-01-26,11:00,229.73
TSLA,2024-01-26,11:30,229.73
TSLA,2024-01-26,12:00,230.05
TSLA,2024-01-26,12:30,230.69
TSLA,2024-01-26,13:00,230.59
TSLA,2024-01-26,13:30,230.86
TSLA,2024-01-26,14:00,229.35
TSLA,2024-01-26,14:30,229.09
TSLA,2024-01-26,15:00,229.03
TSLA,2024-01-26,15:30,229.48
TSLA,2024-01-26,16:00,229.71
TSLA,2024-01-29,09:30,228.93
TSLA,2024-01-29,10:00,228.23
TSLA,2024-01-29,10:30,228.63
TSLA,2024-01-29,11:00,228.06
TSLA,2024-01-29,11:30,228.18
TSLA,2024-01-29,12:00,229.35
TSLA,2024-01-29,12:30,228.88
TSLA,2024-01-29,13:00,228.30
TSLA,2024-01-29,13:30,228.57
TSLA,2024-01-29,14:00,229.90
TSLA,2024-01-29,14:30,230.03
TSLA,2024-01-29,15:00,228.79
TSLA,2024-01-29,15:30,227.77
TSLA,2024-01-29,16:00,227.16
TSLA,2024-01-30,09:30,226.04
TSLA,2024-01-30,10:00,227.31
TSLA,2024-01-30,10:30,226.15
TSLA,2024-01-30,11:00,227.54
TSLA,2024-01-30,11:30,227.59
TSLA,2024-01-30,12:00,228.27
TSLA,2024-01-30,12:30,228.64
TSLA,2024-01-30,13:00,228.62
TSLA,2024-01-30,13:30,228.30
TSLA,2024-01-30,14:00,228.21
TSLA,2024-01-30,14:30,227.23
TSLA,2024-01-30,15:00,227.83
TSLA,2024-01-30,15:30,228.77
TSLA,2024-01-30,16:00,228.40
NVDA,2024-01-15,09:30,494.70
NVDA,2024-01-15,10:00,493.41
NVDA,2024-01-15,10:30,495.44
NVDA,2024-01-15,11:00,496.31
NVDA,2024-01-15,11:30,497.09
NVDA,2024-01-15,12:00,496.74
NVDA,2024-01-15,12:30,496.83
NVDA,2024-01-15,13:00,497.79
NVDA,2024-01-15,13:30,496.91
NVDA,2024-01-15,14:00,498.48
NVDA,2024-01-15,14:30,496.06
NVDA,2024-01-15,15:00,495.53
NVDA,2024-01-15,15:30,495.72
NVDA,2024-01-15,16:00,495.83
NVDA,2024-01-16,09:30,495.64
NVDA,2024-01-16,10:00,498.94
NVDA,2024-01-16,10:30,500.14
NVDA,2024-01-16,11:00,498.91
NVDA,2024-01-16,11:30,500.30
NVDA,2024-01-16,12:00,500.91
NVDA,2024-01-16,12:30,501.58
NVDA,2024-01-16,13:00,499.89
NVDA,2024-01-16,13:30,500.97
NVDA,2024-01-16,14:00,498.18
NVDA,2024-01-16,14:30,495.48
NVDA,2024-01-16,15:00,497.06
NVDA,2024-01-16,15:30,496.53
NVDA,2024-01-16,16:00,499.29
NVDA,2024-01-17,09:30,499.45
NVDA,2024-01-17,10:00,500.51
NVDA,2024-01-17,10:30,501.78
NVDA,2024-01-17,11:00,501.36
NVDA,2024-01-17,11:30,499.45
NVDA,2024-01-17,12:00,497.03
NVDA,2024-01-17,12:30,497.15
NVDA,2024-01-17,13:00,497.13
NVDA,2024-01-17,13:30,497.54
NVDA,2024-01-17,14:00,498.43
NVDA,2024-01-17,14:30,496.51
NVDA,2024-01-17,15:00,493.51
NVDA,2024-01-17,15:30,492.15
NVDA,2024-01-17,16:00,490.33
NVDA,2024-01-18,09:30,489.79
NVDA,2024-01-18,10:00,491.73
NVDA,2024-01-18,10:30,490.95
NVDA,2024-01-18,11:00,489.73
NVDA,2024-01-18,11:30,489.50
NVDA,2024-01-18,12:00,491.26
NVDA,2024-01-18,12:30,490.98
NVDA,2024-01-18,13:00,490.81
NVDA,2024-01-18,13:30,494.80
NVDA,2024-01-18,14:00,497.26
NVDA,2024-01-18,14:30,496.51
NVDA,2024-01-18,15:00,495.98
NVDA,2024-01-18,15:30,496.36
NVDA,2024-01-18,16:00,492.32
NVDA,2024-01-19,09:30,494.59
NVDA,2024-01-19,10:00,493.19
NVDA,2024-01-19,10:30,494.79
NVDA,2024-01-19,11:00,493.85
NVDA,2024-01-19,11:30,495.11
NVDA,2024-01-19,12:00,496.13
NVDA,2024-01-19,12:30,496.01
NVDA,2024-01-19,13:00,499.06
NVDA,2024-01-19,13:30,500.39
NVDA,2024-01-19,14:00,499.35
NVDA,2024-01-19,14:30,501.03
NVDA,2024-01-19,15:00,500.56
NVDA,2024-01-19,15:30,499.50
NVDA,2024-01-19,16:00,498.39
NVDA,2024-01-22,09:30,499.89
NVDA,2024-01-22,10:00,501.18
NVDA,2024-01-22,10:30,501.92
NVDA,2024-01-22,11:00,502.62
NVDA,2024-01-22,11:30,502.88
NVDA,2024-01-22,12:00,502.90
NVDA,2024-01-22,12:30,502.69
NVDA,2024-01-22,13:00,502.96
NVDA,2024-01-22,13:30,503.86
NVDA,2024-01-22,14:00,505.31
NVDA,2024-01-22,14:30,504.61
NVDA,2024-01-22,15:00,503.69
NVDA,2024-01-22,15:30,502.32
NVDA,2024-01-22,16:00,502.05
NVDA,2024-01-23,09:30,503.38
NVDA,2024-01-23,10:00,502.99
NVDA,2024-01-23,10:30,504.62
NVDA,2024-01-23,11:00,503.77
NVDA,2024-01-23,11:30,503.68
NVDA,2024-01-23,12:00,504.48
NVDA,2024-01-23,12:30,503.07
NVDA,2024-01-23,13:00,502.47
NVDA,2024-01-23,13:30,503.62
NVDA,2024-01-23,14:00,504.33
NVDA,2024-01-23,14:30,505.03
NVDA,2024-01-23,15:00,505.33
NVDA,2024-01-23,15:30,504.73
NVDA,2024-01-23,16:00,505.81
NVDA,2024-01-24,09:30,507.81
NVDA,2024-01-24,10:00,507.94
NVDA,2024-01-24,10:30,510.34
NVDA,2024-01-24,11:00,509.30
NVDA,2024-01-24,11:30,510.39
NVDA,2024-01-24,12:00,508.19
NVDA,2024-01-24,12:30,510.01
NVDA,2024-01-24,13:00,513.09
NVDA,2024-01-24,13:30,514.60
NVDA,2024-01-24,14:00,515.81
NVDA,2024-01-24,14:30,515.18
NVDA,2024-01-24,15:00,515.87
NVDA,2024-01-24,15:30,511.96
NVDA,2024-01-24,16:00,513.75
NVDA,2024-01-25,09:30,514.35
NVDA,2024-01-25,10:00,510.52
NVDA,2024-01-25,10:30,513.55
NVDA,2024-01-25,11:00,512.91
NVDA,2024-01-25,11:30,511.39
NVDA,2024-01-25,12:00,512.41
NVDA,2024-01-25,12:30,510.14
NVDA,2024-01-25,13:00,513.58
NVDA,2024-01-25,13:30,511.95
NVDA,2024-01-25,14:00,511.11
NVDA,2024-01-25,14:30,510.63
NVDA,2024-01-25,15:00,511.79
NVDA,2024-01-25,15:30,513.29
NVDA,2024-01-25,16:00,511.40
NVDA,2024-01-26,09:30,509.76
NVDA,2024-01-26,10:00,508.78
NVDA,2024-01-26,10:30,507.65
NVDA,2024-01-26,11:00,506.85
NVDA,2024-01-26,11:30,507.05
NVDA,2024-01-26,12:00,506.33
NVDA,2024-01-26,12:30,506.78
NVDA,2024-01-26,13:00,507.10
NVDA,2024-01-26,13:30,508.40
NVDA,2024-01-26,14:00,506.72
NVDA,2024-01-26,14:30,508.23
NVDA,2024-01-26,15:00,509.55
NVDA,2024-01-26,15:30,509.94
NVDA,2024-01-26,16:00,510.61
NVDA,2024-01-29,09:30,510.63
NVDA,2024-01-29,10:00,510.11
NVDA,2024-01-29,10:30,510.44
NVDA,2024-01-29,11:00,511.47
NVDA,2024-01-29,11:30,507.94
NVDA,2024-01-29,12:00,508.83
NVDA,2024-01-29,12:30,508.58
NVDA,2024-01-29,13:00,508.30
NVDA,2024-01-29,13:30,507.30
NVDA,2024-01-29,14:00,508.44
NVDA,2024-01-29,14:30,507.90
NVDA,2024-01-29,15:00,507.24
NVDA,2024-01-29,15:30,505.63
NVDA,2024-01-29,16:00,506.75
NVDA,2024-01-30,09:30,505.50
NVDA,2024-01-30,10:00,504.83
NVDA,2024-01-30,10:30,505.81
NVDA,2024-01-30,11:00,507.98
NVDA,2024-01-30,11:30,509.74
NVDA,2024-01-30,12:00,508.67
NVDA,2024-01-30,12:30,508.04
NVDA,2024-01-30,13:00,506.08
NVDA,2024-01-30,13:30,504.30
NVDA,2024-01-30,14:00,505.14
NVDA,2024-01-30,14:30,505.43
NVDA,2024-01-30,15:00,506.37
NVDA,2024-01-30,15:30,506.94
NVDA,2024-01-30,16:00,508.52
META,2024-01-15,09:30,379.55
META,2024-01-15,10:00,380.37
META,2024-01-15,10:30,379.42
META,2024-01-15,11:00,378.49
META,2024-01-15,11:30,379.54
META,2024-01-15,12:00,379.03
META,2024-01-15,12:30,378.62
META,2024-01-15,13:00,377.74
META,2024-01-15,13:30,378.82
META,2024-01-15,14:00,379.73
META,2024-01-15,14:30,379.54
META,2024-01-15,15:00,377.78
META,2024-01-15,15:30,375.74
META,2024-01-15,16:00,377.76
META,2024-01-16,09:30,380.52
META,2024-01-16,10:00,380.02
META,2024-01-16,10:30,382.51
META,2024-01-16,11:00,383.56
META,2024-01-16,11:30,382.84
META,2024-01-16,12:00,381.41
META,2024-01-16,12:30,380.57
META,2024-01-16,13:00,380.10
META,2024-01-16,13:30,379.73
META,2024-01-16,14:00,379.65
META,2024-01-16,14:30,379.28
META,2024-01-16,15:00,379.36
META,2024-01-16,15:30,377.06
META,2024-01-16,16:00,377.35
META,2024-01-17,09:30,377.61
META,2024-01-17,10:00,377.18
META,2024-01-17,10:30,377.85
META,2024-01-17,11:00,379.13
META,2024-01-17,11:30,377.23
META,2024-01-17,12:00,377.73
META,2024-01-17,12:30,377.74
META,2024-01-17,13:00,378.55
META,2024-01-17,13:30,379.03
META,2024-01-17,14:00,379.93
META,2024-01-17,14:30,381.37
META,2024-01-17,15:00,380.34
META,2024-01-17,15:30,378.22
META,2024-01-17,16:00,380.76
META,2024-01-18,09:30,382.19
META,2024-01-18,10:00,381.59
META,2024-01-18,10:30,383.55
META,2024-01-18,11:00,385.23
META,2024-01-18,11:30,384.30
META,2024-01-18,12:00,383.82
META,2024-01-18,12:30,382.49
META,2024-01-18,13:00,380.40
META,2024-01-18,13:30,382.00
META,2024-01-18,14:00,381.46
META,2024-01-18,14:30,379.85
META,2024-01-18,15:00,380.23
META,2024-01-18,15:30,379.87
META,2024-01-18,16:00,381.62
META,2024-01-19,09:30,379.93
META,2024-01-19,10:00,379.68
META,2024-01-19,10:30,378.64
META,2024-01-19,11:00,378.04
META,2024-01-19,11:30,378.56
META,2024-01-19,12:00,379.28
META,2024-01-19,12:30,379.09
META,2024-01-19,13:00,378.43
META,2024-01-19,13:30,377.98
META,2024-01-19,14:00,377.83
META,2024-01-19,14:30,377.27
META,2024-01-19,15:00,378.46
META,2024-01-19,15:30,379.58
META,2024-01-19,16:00,379.74
META,2024-01-22,09:30,378.55
META,2024-01-22,10:00,377.32
META,2024-01-22,10:30,377.51
META,2024-01-22,11:00,378.15
META,2024-01-22,11:30,377.95
META,2024-01-22,12:00,378.80
META,2024-01-22,12:30,379.41
META,2024-01-22,13:00,380.07
META,2024-01-22,13:30,379.70
META,2024-01-22,14:00,377.88
META,2024-01-22,14:30,379.10
META,2024-01-22,15:00,378.54
META,2024-01-22,15:30,377.71
META,2024-01-22,16:00,376.61
META,2024-01-23,09:30,373.75
META,2024-01-23,10:00,375.36
META,2024-01-23,10:30,376.25
META,2024-01-23,11:00,375.89
META,2024-01-23,11:30,376.47
META,2024-01-23,12:00,374.69
META,2024-01-23,12:30,375.68
META,2024-01-23,13:00,375.55
META,2024-01-23,13:30,375.76
META,2024-01-23,14:00,375.97
META,2024-01-23,14:30,375.30
META,2024-01-23,15:00,374.02
META,2024-01-23,15:30,373.49
META,2024-01-23,16:00,372.09
META,2024-01-24,09:30,373.05
META,2024-01-24,10:00,373.11
META,2024-01-24,10:30,372.65
META,2024-01-24,11:00,371.40
META,2024-01-24,11:30,373.18
META,2024-01-24,12:00,373.88
META,2024-01-24,12:30,375.06
META,2024-01-24,13:00,376.23
META,2024-01-24,13:30,376.82
META,2024-01-24,14:00,376.21
META,2024-01-24,14:30,374.59
META,2024-01-24,15:00,375.12
META,2024-01-24,15:30,375.02
META,2024-01-24,16:00,376.76
META,2024-01-25,09:30,376.00
META,2024-01-25,10:00,376.82
META,2024-01-25,10:30,376.74
META,2024-01-25,11:00,378.11
META,2024-01-25,11:30,378.18
META,2024-01-25,12:00,379.59
META,2024-01-25,12:30,377.91
META,2024-01-25,13:00,377.78
META,2024-01-25,13:30,378.21
META,2024-01-25,14:00,379.20
META,2024-01-25,14:30,379.33
META,2024-01-25,15:00,379.54
META,2024-01-25,15:30,379.16
META,2024-01-25,16:00,380.70
META,2024-01-26,09:30,380.84
META,2024-01-26,10:00,380.45
META,2024-01-26,10:30,379.88
META,2024-01-26,11:00,378.73
META,2024-01-26,11:30,379.48
META,2024-01-26,12:00,379.48
META,2024-01-26,12:30,381.10
META,2024-01-26,13:00,381.03
META,2024-01-26,13:30,381.03
META,2024-01-26,14:00,382.17
META,2024-01-26,14:30,381.42
META,2024-01-26,15:00,379.96
META,2024-01-26,15:30,379.60
META,2024-01-26,16:00,380.55
META,2024-01-29,09:30,379.89
META,2024-01-29,10:00,380.54
META,2024-01-29,10:30,378.03
META,2024-01-29,11:00,378.08
META,2024-01-29,11:30,378.41
META,2024-01-29,12:00,375.89
META,2024-01-29,12:30,376.09
META,2024-01-29,13:00,376.67
META,2024-01-29,13:30,375.84
META,2024-01-29,14:00,376.11
META,2024-01-29,14:30,376.27
META,2024-01-29,15:00,378.41
META,2024-01-29,15:30,378.87
META,2024-01-29,16:00,378.76
META,2024-01-30,09:30,378.44
META,2024-01-30,10:00,379.15
META,2024-01-30,10:30,378.45
META,2024-01-30,11:00,380.00
META,2024-01-30,11:30,381.00
META,2024-01-30,12:00,381.58
META,2024-01-30,12:30,382.10
META,2024-01-30,13:00,382.83
META,2024-01-30,13:30,381.29
META,2024-01-30,14:00,381.91
META,2024-01-30,14:30,380.92
META,2024-01-30,15:00,381.33
META,2024-01-30,15:30,382.61
META,2024-01-30,16:00,382.81
NFLX,2024-01-15,09:30,491.07
NFLX,2024-01-15,10:00,493.18
NFLX,2024-01-15,10:30,491.56
NFLX,2024-01-15,11:00,490.17
NFLX,2024-01-15,11:30,490.79
NFLX,2024-01-15,12:00,488.92
NFLX,2024-01-15,12:30,489.47
NFLX,2024-01-15,13:00,489.52
NFLX,2024-01-15,13:30,491.03
NFLX,2024-01-15,14:00,493.62
NFLX,2024-01-15,14:30,493.63
NFLX,2024-01-15,15:00,493.64
NFLX,2024-01-15,15:30,492.96
NFLX,2024-01-15,16:00,495.18
NFLX,2024-01-16,09:30,495.96
NFLX,2024-01-16,10:00,497.12
NFLX,2024-01-16,10:30,498.04
NFLX,2024-01-16,11:00,499.30
NFLX,2024-01-16,11:30,498.45
NFLX,2024-01-16,12:00,497.79
NFLX,2024-01-16,12:30,496.51
NFLX,2024-01-16,13:00,493.48
NFLX,2024-01-16,13:30,492.07
NFLX,2024-01-16,14:00,491.15
NFLX,2024-01-16,14:30,492.91
NFLX,2024-01-16,15:00,495.33
NFLX,2024-01-16,15:30,492.66
NFLX,2024-01-16,16:00,495.87
NFLX,2024-01-17,09:30,498.66
NFLX,2024-01-17,10:00,498.66
NFLX,2024-01-17,10:30,497.89
NFLX,2024-01-17,11:00,498.23
NFLX,2024-01-17,11:30,498.64
NFLX,2024-01-17,12:00,499.30
NFLX,2024-01-17,12:30,499.79
NFLX,2024-01-17,13:00,500.26
NFLX,2024-01-17,13:30,498.92
NFLX,2024-01-17,14:00,497.71
NFLX,2024-01-17,14:30,498.74
NFLX,2024-01-17,15:00,500.58
NFLX,2024-01-17,15:30,502.05
NFLX,2024-01-17,16:00,503.60
NFLX,2024-01-18,09:30,505.13
NFLX,2024-01-18,10:00,502.93
NFLX,2024-01-18,10:30,501.69
NFLX,2024-01-18,11:00,501.35
NFLX,2024-01-18,11:30,501.18
NFLX,2024-01-18,12:00,500.32
NFLX,2024-01-18,12:30,500.10
NFLX,2024-01-18,13:00,499.05
NFLX,2024-01-18,13:30,498.44
NFLX,2024-01-18,14:00,499.57
NFLX,2024-01-18,14:30,499.34
NFLX,2024-01-18,15:00,500.43
NFLX,2024-01-18,15:30,498.57
NFLX,2024-01-18,16:00,499.60
NFLX,2024-01-19,09:30,497.78
NFLX,2024-01-19,10:00,498.86
NFLX,2024-01-19,10:30,498.50
NFLX,2024-01-19,11:00,498.13
NFLX,2024-01-19,11:30,497.21
NFLX,2024-01-19,12:00,498.85
NFLX,2024-01-19,12:30,498.81
NFLX,2024-01-19,13:00,497.19
NFLX,2024-01-19,13:30,499.29
NFLX,2024-01-19,14:00,499.59
NFLX,2024-01-19,14:30,500.29
NFLX,2024-01-19,15:00,500.45
NFLX,2024-01-19,15:30,501.63
NFLX,2024-01-19,16:00,500.76
NFLX,2024-01-22,09:30,501.07
NFLX,2024-01-22,10:00,501.95
NFLX,2024-01-22,10:30,499.27
NFLX,2024-01-22,11:00,500.00
NFLX,2024-01-22,11:30,505.09
NFLX,2024-01-22,12:00,503.77
NFLX,2024-01-22,12:30,503.07
NFLX,2024-01-22,13:00,503.12
NFLX,2024-01-22,13:30,504.08
NFLX,2024-01-22,14:00,501.89
NFLX,2024-01-22,14:30,502.68
NFLX,2024-01-22,15:00,502.31
NFLX,2024-01-22,15:30,499.98
NFLX,2024-01-22,16:00,498.61
NFLX,2024-01-23,09:30,498.72
NFLX,2024-01-23,10:00,498.21
NFLX,2024-01-23,10:30,498.19
NFLX,2024-01-23,11:00,498.25
NFLX,2024-01-23,11:30,499.79
NFLX,2024-01-23,12:00,501.00
NFLX,2024-01-23,12:30,499.16
NFLX,2024-01-23,13:00,498.41
NFLX,2024-01-23,13:30,498.78
NFLX,2024-01-23,14:00,501.45
NFLX,2024-01-23,14:30,501.41
NFLX,2024-01-23,15:00,503.45
NFLX,2024-01-23,15:30,504.23
NFLX,2024-01-23,16:00,505.52
NFLX,2024-01-24,09:30,501.57
NFLX,2024-01-24,10:00,502.57
NFLX,2024-01-24,10:30,501.87
NFLX,2024-01-24,11:00,503.90
NFLX,2024-01-24,11:30,504.17
NFLX,2024-01-24,12:00,504.09
NFLX,2024-01-24,12:30,502.74
NFLX,2024-01-24,13:00,503.52
NFLX,2024-01-24,13:30,502.35
NFLX,2024-01-24,14:00,502.47
NFLX,2024-01-24,14:30,502.95
NFLX,2024-01-24,15:00,501.54
NFLX,2024-01-24,15:30,501.37
NFLX,2024-01-24,16:00,500.57
NFLX,2024-01-25,09:30,499.43
NFLX,2024-01-25,10:00,497.89
NFLX,2024-01-25,10:30,495.41
NFLX,2024-01-25,11:00,496.87
NFLX,2024-01-25,11:30,499.66
NFLX,2024-01-25,12:00,497.98
NFLX,2024-01-25,12:30,499.24
NFLX,2024-01-25,13:00,498.61
NFLX,2024-01-25,13:30,498.29
NFLX,2024-01-25,14:00,497.95
NFLX,2024-01-25,14:30,497.53
NFLX,2024-01-25,15:00,495.43
NFLX,2024-01-25,15:30,494.86
NFLX,2024-01-25,16:00,493.03
NFLX,2024-01-26,09:30,492.34
NFLX,2024-01-26,10:00,493.25
NFLX,2024-01-26,10:30,494.22
NFLX,2024-01-26,11:00,492.81
NFLX,2024-01-26,11:30,491.56
NFLX,2024-01-26,12:00,491.56
NFLX,2024-01-26,12:30,491.73
NFLX,2024-01-26,13:00,490.42
NFLX,2024-01-26,13:30,488.87
NFLX,2024-01-26,14:00,488.25
NFLX,2024-01-26,14:30,488.65
NFLX,2024-01-26,15:00,489.27
NFLX,2024-01-26,15:30,490.87
NFLX,2024-01-26,16:00,491.35
NFLX,2024-01-29,09:30,493.28
NFLX,2024-01-29,10:00,492.98
NFLX,2024-01-29,10:30,493.99
NFLX,2024-01-29,11:00,491.46
NFLX,2024-01-29,11:30,492.07
NFLX,2024-01-29,12:00,493.62
NFLX,2024-01-29,12:30,494.04
NFLX,2024-01-29,13:00,495.35
NFLX,2024-01-29,13:30,493.01
NFLX,2024-01-29,14:00,492.80
NFLX,2024-01-29,14:30,492.78
NFLX,2024-01-29,15:00,491.98
NFLX,2024-01-29,15:30,493.20
NFLX,2024-01-29,16:00,493.94
NFLX,2024-01-30,09:30,494.27
NFLX,2024-01-30,10:00,493.98
NFLX,2024-01-30,10:30,494.26
NFLX,2024-01-30,11:00,493.60
NFLX,2024-01-30,11:30,493.41
NFLX,2024-01-30,12:00,491.80
NFLX,2024-01-30,12:30,493.44
NFLX,2024-01-30,13:00,492.19
NFLX,2024-01-30,13:30,491.16
NFLX,2024-01-30,14:00,491.69
NFLX,2024-01-30,14:30,490.33
NFLX,2024-01-30,15:00,489.86
NFLX,2024-01-30,15:30,490.67
NFLX,2024-01-30,16:00,491.07
AMD,2024-01-15,09:30,144.55
AMD,2024-01-15,10:00,144.37
AMD,2024-01-15,10:30,144.03
AMD,2024-01-15,11:00,144.22
AMD,2024-01-15,11:30,144.32
AMD,2024-01-15,12:00,144.00
AMD,2024-01-15,12:30,143.62
AMD,2024-01-15,13:00,143.84
AMD,2024-01-15,13:30,144.15
AMD,2024-01-15,14:00,144.56
AMD,2024-01-15,14:30,144.33
AMD,2024-01-15,15:00,144.34
AMD,2024-01-15,15:30,144.30
AMD,2024-01-15,16:00,143.98
AMD,2024-01-16,09:30,143.38
AMD,2024-01-16,10:00,142.89
AMD,2024-01-16,10:30,143.03
AMD,2024-01-16,11:00,142.74
AMD,2024-01-16,11:30,142.93
AMD,2024-01-16,12:00,143.76
AMD,2024-01-16,12:30,144.46
AMD,2024-01-16,13:00,144.45
AMD,2024-01-16,13:30,144.39
AMD,2024-01-16,14:00,143.86
AMD,2024-01-16,14:30,144.10
AMD,2024-01-16,15:00,144.35
AMD,2024-01-16,15:30,144.94
AMD,2024-01-16,16:00,144.73
AMD,2024-01-17,09:30,144.47
AMD,2024-01-17,10:00,144.31
AMD,2024-01-17,10:30,144.38
AMD,2024-01-17,11:00,144.88
AMD,2024-01-17,11:30,145.80
AMD,2024-01-17,12:00,145.58
AMD,2024-01-17,12:30,145.61
AMD,2024-01-17,13:00,145.80
AMD,2024-01-17,13:30,145.21
AMD,2024-01-17,14:00,145.24
AMD,2024-01-17,14:30,145.31
AMD,2024-01-17,15:00,145.62
AMD,2024-01-17,15:30,145.29
AMD,2024-01-17,16:00,144.95
AMD,2024-01-18,09:30,146.12
AMD,2024-01-18,10:00,145.66
AMD,2024-01-18,10:30,145.73
AMD,2024-01-18,11:00,145.81
AMD,2024-01-18,11:30,145.17
AMD,2024-01-18,12:00,144.67
AMD,2024-01-18,12:30,144.42
AMD,2024-01-18,13:00,145.23
AMD,2024-01-18,13:30,145.94
AMD,2024-01-18,14:00,145.82
AMD,2024-01-18,14:30,145.61
AMD,2024-01-18,15:00,145.91
AMD,2024-01-18,15:30,146.07
AMD,2024-01-18,16:00,146.05
AMD,2024-01-19,09:30,145.51
AMD,2024-01-19,10:00,145.83
AMD,2024-01-19,10:30,145.83
AMD,2024-01-19,11:00,146.70
AMD,2024-01-19,11:30,146.72
AMD,2024-01-19,12:00,146.44
AMD,2024-01-19,12:30,147.19
AMD,2024-01-19,13:00,146.53
AMD,2024-01-19,13:30,146.64
AMD,2024-01-19,14:00,146.01
AMD,2024-01-19,14:30,145.95
AMD,2024-01-19,15:00,145.42
AMD,2024-01-19,15:30,145.19
AMD,2024-01-19,16:00,144.77
AMD,2024-01-22,09:30,144.06
AMD,2024-01-22,10:00,143.92
AMD,2024-01-22,10:30,144.39
AMD,2024-01-22,11:00,144.18
AMD,2024-01-22,11:30,143.97
AMD,2024-01-22,12:00,144.04
AMD,2024-01-22,12:30,143.80
AMD,2024-01-22,13:00,144.68
AMD,2024-01-22,13:30,144.83
AMD,2024-01-22,14:00,145.30
AMD,2024-01-22,14:30,145.94
AMD,2024-01-22,15:00,146.31
AMD,2024-01-22,15:30,145.72
AMD,2024-01-22,16:00,145.66
AMD,2024-01-23,09:30,145.67
AMD,2024-01-23,10:00,146.83
AMD,2024-01-23,10:30,147.50
AMD,2024-01-23,11:00,147.72
AMD,2024-01-23,11:30,148.13
AMD,2024-01-23,12:00,147.95
AMD,2024-01-23,12:30,147.61
AMD,2024-01-23,13:00,148.32
AMD,2024-01-23,13:30,148.23
AMD,2024-01-23,14:00,147.55
AMD,2024-01-23,14:30,147.92
AMD,2024-01-23,15:00,147.99
AMD,2024-01-23,15:30,148.11
AMD,2024-01-23,16:00,148.52
AMD,2024-01-24,09:30,148.20
AMD,2024-01-24,10:00,148.67
AMD,2024-01-24,10:30,148.50
AMD,2024-01-24,11:00,148.70
AMD,2024-01-24,11:30,148.94
AMD,2024-01-24,12:00,149.15
AMD,2024-01-24,12:30,149.46
AMD,2024-01-24,13:00,149.76
AMD,2024-01-24,13:30,149.27
AMD,2024-01-24,14:00,150.04
AMD,2024-01-24,14:30,149.21
AMD,2024-01-24,15:00,149.12
AMD,2024-01-24,15:30,148.87
AMD,2024-01-24,16:00,149.19
AMD,2024-01-25,09:30,149.78
AMD,2024-01-25,10:00,149.31
AMD,2024-01-25,10:30,149.59
AMD,2024-01-25,11:00,149.28
AMD,2024-01-25,11:30,149.23
AMD,2024-01-25,12:00,149.73
AMD,2024-01-25,12:30,149.28
AMD,2024-01-25,13:00,148.78
AMD,2024-01-25,13:30,148.63
AMD,2024-01-25,14:00,148.12
AMD,2024-01-25,14:30,147.68
AMD,2024-01-25,15:00,147.22
AMD,2024-01-25,15:30,148.02
AMD,2024-01-25,16:00,148.36
AMD,2024-01-26,09:30,148.38
AMD,2024-01-26,10:00,148.28
AMD,2024-01-26,10:30,147.94
AMD,2024-01-26,11:00,148.09
AMD,2024-01-26,11:30,148.13
AMD,2024-01-26,12:00,147.49
AMD,2024-01-26,12:30,147.14
AMD,2024-01-26,13:00,146.73
AMD,2024-01-26,13:30,147.24
AMD,2024-01-26,14:00,146.80
AMD,2024-01-26,14:30,146.44
AMD,2024-01-26,15:00,145.85
AMD,2024-01-26,15:30,144.81
AMD,2024-01-26,16:00,144.43
AMD,2024-01-29,09:30,145.17
AMD,2024-01-29,10:00,144.97
AMD,2024-01-29,10:30,145.11
AMD,2024-01-29,11:00,145.18
AMD,2024-01-29,11:30,145.03
AMD,2024-01-29,12:00,145.74
AMD,2024-01-29,12:30,145.82
AMD,2024-01-29,13:00,145.53
AMD,2024-01-29,13:30,145.87
AMD,2024-01-29,14:00,145.73
AMD,2024-01-29,14:30,144.69
AMD,2024-01-29,15:00,145.06
AMD,2024-01-29,15:30,144.30
AMD,2024-01-29,16:00,144.50
AMD,2024-01-30,09:30,145.05
AMD,2024-01-30,10:00,145.49
AMD,2024-01-30,10:30,145.44
AMD,2024-01-30,11:00,144.82
AMD,2024-01-30,11:30,145.49
AMD,2024-01-30,12:00,145.35
AMD,2024-01-30,12:30,145.55
AMD,2024-01-30,13:00,145.49
AMD,2024-01-30,13:30,145.33
AMD,2024-01-30,14:00,144.80
AMD,2024-01-30,14:30,145.29
AMD,2024-01-30,15:00,144.99
AMD,2024-01-30,15:30,144.89
AMD,2024-01-30,16:00,144.04
INTC,2024-01-15,09:30,43.91
INTC,2024-01-15,10:00,44.04
INTC,2024-01-15,10:30,43.98
INTC,2024-01-15,11:00,44.07
INTC,2024-01-15,11:30,44.28
INTC,2024-01-15,12:00,44.39
INTC,2024-01-15,12:30,44.36
INTC,2024-01-15,13:00,44.43
INTC,2024-01-15,13:30,44.27
INTC,2024-01-15,14:00,44.28
INTC,2024-01-15,14:30,44.40
INTC,2024-01-15,15:00,44.40
INTC,2024-01-15,15:30,44.47
INTC,2024-01-15,16:00,44.34
INTC,2024-01-16,09:30,44.25
INTC,2024-01-16,10:00,44.18
INTC,2024-01-16,10:30,44.19
INTC,2024-01-16,11:00,43.87
INTC,2024-01-16,11:30,43.87
INTC,2024-01-16,12:00,43.95
INTC,2024-01-16,12:30,43.84
INTC,2024-01-16,13:00,43.59
INTC,2024-01-16,13:30,43.63
INTC,2024-01-16,14:00,43.60
INTC,2024-01-16,14:30,43.83
INTC,2024-01-16,15:00,43.88
INTC,2024-01-16,15:30,43.78
INTC,2024-01-16,16:00,43.83
INTC,2024-01-17,09:30,43.80
INTC,2024-01-17,10:00,43.69
INTC,2024-01-17,10:30,43.86
INTC,2024-01-17,11:00,44.05
INTC,2024-01-17,11:30,43.90
INTC,2024-01-17,12:00,43.92
INTC,2024-01-17,12:30,43.98
INTC,2024-01-17,13:00,44.04
INTC,2024-01-17,13:30,44.18
INTC,2024-01-17,14:00,43.98
INTC,2024-01-17,14:30,43.99
INTC,2024-01-17,15:00,43.99
INTC,2024-01-17,15:30,44.05
INTC,2024-01-17,16:00,43.85
INTC,2024-01-18,09:30,43.96
INTC,2024-01-18,10:00,43.96
INTC,2024-01-18,10:30,43.83
INTC,2024-01-18,11:00,44.03
INTC,2024-01-18,11:30,43.77
INTC,2024-01-18,12:00,43.87
INTC,2024-01-18,12:30,43.74
INTC,2024-01-18,13:00,43.78
INTC,2024-01-18,13:30,43.71
INTC,2024-01-18,14:00,43.67
INTC,2024-01-18,14:30,43.64
INTC,2024-01-18,15:00,43.50
INTC,2024-01-18,15:30,43.61
INTC,2024-01-18,16:00,43.75
INTC,2024-01-19,09:30,43.84
INTC,2024-01-19,10:00,44.09
INTC,2024-01-19,10:30,44.01
INTC,2024-01-19,11:00,44.10
INTC,2024-01-19,11:30,44.34
INTC,2024-01-19,12:00,44.24
INTC,2024-01-19,12:30,44.28
INTC,2024-01-19,13:00,44.16
INTC,2024-01-19,13:30,44.11
INTC,2024-01-19,14:00,43.86
INTC,2024-01-19,14:30,43.94
INTC,2024-01-19,15:00,43.90
INTC,2024-01-19,15:30,44.14
INTC,2024-01-19,16:00,44.33
INTC,2024-01-22,09:30,44.19
INTC,2024-01-22,10:00,44.17
INTC,2024-01-22,10:30,44.15
INTC,2024-01-22,11:00,43.99
INTC,2024-01-22,11:30,44.01
INTC,2024-01-22,12:00,43.86
INTC,2024-01-22,12:30,43.85
INTC,2024-01-22,13:00,43.67
INTC,2024-01-22,13:30,43.76
INTC,2024-01-22,14:00,43.69
INTC,2024-01-22,14:30,43.77
INTC,2024-01-22,15:00,43.92
INTC,2024-01-22,15:30,43.66
INTC,2024-01-22,16:00,43.54
INTC,2024-01-23,09:30,43.62
INTC,2024-01-23,10:00,43.53
INTC,2024-01-23,10:30,43.59
INTC,2024-01-23,11:00,43.48
INTC,2024-01-23,11:30,43.27
INTC,2024-01-23,12:00,43.38
INTC,2024-01-23,12:30,43.38
INTC,2024-01-23,13:00,43.57
INTC,2024-01-23,13:30,43.37
INTC,2024-01-23,14:00,43.13
INTC,2024-01-23,14:30,43.21
INTC,2024-01-23,15:00,43.40
INTC,2024-01-23,15:30,43.50
INTC,2024-01-23,16:00,43.43
INTC,2024-01-24,09:30,43.29
INTC,2024-01-24,10:00,43.40
INTC,2024-01-24,10:30,43.36
INTC,2024-01-24,11:00,43.27
INTC,2024-01-24,11:30,43.33
INTC,2024-01-24,12:00,43.27
INTC,2024-01-24,12:30,43.20
INTC,2024-01-24,13:00,43.23
INTC,2024-01-24,13:30,43.02
INTC,2024-01-24,14:00,42.98
INTC,2024-01-24,14:30,42.99
INTC,2024-01-24,15:00,42.88
INTC,2024-01-24,15:30,42.57
INTC,2024-01-24,16:00,42.55
INTC,2024-01-25,09:30,42.53
INTC,2024-01-25,10:00,42.48
INTC,2024-01-25,10:30,42.64
INTC,2024-01-25,11:00,42.58
INTC,2024-01-25,11:30,42.68
INTC,2024-01-25,12:00,42.69
INTC,2024-01-25,12:30,42.62
INTC,2024-01-25,13:00,42.71
INTC,2024-01-25,13:30,42.63
INTC,2024-01-25,14:00,42.58
INTC,2024-01-25,14:30,42.55
INTC,2024-01-25,15:00,42.66
INTC,2024-01-25,15:30,42.63
INTC,2024-01-25,16:00,42.72
INTC,2024-01-26,09:30,42.43
INTC,2024-01-26,10:00,42.52
INTC,2024-01-26,10:30,42.56
INTC,2024-01-26,11:00,42.55
INTC,2024-01-26,11:30,42.43
INTC,2024-01-26,12:00,42.71
INTC,2024-01-26,12:30,42.97
INTC,2024-01-26,13:00,43.00
INTC,2024-01-26,13:30,43.13
INTC,2024-01-26,14:00,43.22
INTC,2024-01-26,14:30,43.39
INTC,2024-01-26,15:00,43.53
INTC,2024-01-26,15:30,43.60
INTC,2024-01-26,16:00,43.78
INTC,2024-01-29,09:30,43.76
INTC,2024-01-29,10:00,43.65
INTC,2024-01-29,10:30,43.86
INTC,2024-01-29,11:00,43.85
INTC,2024-01-29,11:30,43.94
INTC,2024-01-29,12:00,43.80
INTC,2024-01-29,12:30,43.62
INTC,2024-01-29,13:00,43.49
INTC,2024-01-29,13:30,43.56
INTC,2024-01-29,14:00,43.38
INTC,2024-01-29,14:30,43.50
INTC,2024-01-29,15:00,43.46
INTC,2024-01-29,15:30,43.42
INTC,2024-01-29,16:00,43.58
INTC,2024-01-30,09:30,43.79
INTC,2024-01-30,10:00,43.54
INTC,2024-01-30,10:30,43.55
INTC,2024-01-30,11:00,43.68
INTC,2024-01-30,11:30,43.70
INTC,2024-01-30,12:00,43.78
INTC,2024-01-30,12:30,43.63
INTC,2024-01-30,13:00,43.70
INTC,2024-01-30,13:30,43.59
INTC,2024-01-30,14:00,43.64
INTC,2024-01-30,14:30,43.54
INTC,2024-01-30,15:00,43.40
INTC,2024-01-30,15:30,43.45
INTC,2024-01-30,16:00,43.55
